"maria elisabette brisola brito prado",
"christien lana rachid",
"lucila ishitani",
"gerson mauri dallegrave de almeida",
"leonelo dell anhol almeida",
"sean wolfgand matsui siqueira",
"ivete martins pinto",
"silvia costa botelho",
"junia coutinho anacleto",
"aparecido fabiano carvalho",
"muriel de souza godoi",
"andrey ricardo pimentel",
"alexandre ibrahim direne",
"jussara bueno de queiroz paschoalino",
"fernanda araujo coutinho campos",
"inajara salles viana",
"fernando selmar rocha fidalgo",
"luciana aparecida martinez zaina",
"wilson vicente ruggiero",
"clovis torres fernandes",
"americo talarico neto",
"diego marczal",
"alexandre ibraim direne",
"joseane pereira rodrigues",
"mirian lima de souza dadoorian",
"ednaldo brigante pizzolato",
"celso goyos",
"lidiane figueiras silva",
"jose antonio borges",
"cabral lima",
"adriana benevides soares",
"avelino ferreira gomes filho",
"bruna de barros santos xavier",
"carlos felippe cardoso de resende",
"douglas rehem",
"maria carmem moraes",
"raphael duarte paiva",
"saulo andrade",
"rodrigo toledo",
"kethure aline oliveira",
"gabriela recipputi domingos",
"pasqueline dantas scaico",
"anderson alves de lima",
"silvia azevedo",
"jefferson barbosa belo da silva",
"ewerton henning raposo",
"luiz fernando paiva",
"yugo alencar",
"joao paulo mendes",
"alexandre scaico",
"romero tavares",
"julia marques carvalho da silva",
"natanael bavaresco",
"ricardo azambuja silveira",
"rosana giaretta sguerra miskulin",
"francisco de paula marques rodrigues",
"bruno silva leite",
"regina borges de araujo",
"andre luiz battaiola",
"lucila maria costi santarosa",
"fernando lincoln mattos",
"joao jose vasco furtado",
"raimir holanda filho",
"raphael ghelman",
"hugo fuks",
"sidnei renato silveira",
"dante augusto couto barone",
"fernanda francielle de oliveira malaquias",
"alexandre cardoso",
"cleusa aparecida de oliveira santos",
"marcia arantes buiatti pacheco",
"neide santos",
"marcia rodrigues notare",
"raul sidnei wazlawick",
"wesley peron seno",
"marina teresa pires vieira",
"arion de castro kurtz dos santos",
"fabio ferrentini sampaio",
"laercio ferracioli",
"neide santos",
"marcos alexandre rose silva",
"jose eduardo mendes de figueiredo",
"vera maria benjamim werneck",
"lucia maria martins giraffa",
"geraldo wellington fernandes",
"carlos alberto ferreira",
"joao benedito dos santos junior",
"marco aurelio gerosa",
"carlos jose pereira de lucena",
"douglas terencio do vale",
"adriana soares",
"marisa lucena",
"nancy fares barbera",
"marilena nascimento",
"irene karaguilla ficheman",
"roseli de deus lopes",
"robinson vida noronha",
"ricardo de andrade kratz",
"sergio crespo c s pinto",
"marcelo scopel",
"jorge barbosa",
"ronei ximenes martins",
"alberto hokari",
"daniel lico dos anjos afonso",
"monica parente ramos",
"jacques wainer",
"luciano tadeu esteves pansanato",
"maria das gracas volpe nunes",
"alex sandro gomes",
"claudia roberta araujo gomes",
"manoel eusebio de lima",
"leonardo castillo",
"sonia sette",
"tiago machado",
"celia fortes",
"victor wanderley",
"aline timoteo",
"janaina rodrigues penedo",
"morganna carmem diniz",
"simone bacellar leal ferreira",
"denis silva da silveira",
"eliane pinheiro capra",
"carlos alberto madsen",
"diana francisca adamatti",
"sandro jose rigo",
"wagner cambruzzi",
"graziela flores kunde",
"maria aparecida souto",
"francisco edson lopes da rocha",
"julio valente da costa junior",
"eloi luiz favero",
"leonidas de oliveira brandao",
"seiji isotani",
"janine gomes moura",
"cristiane barbosa pinheiro de oliveira",
"marcos da fonseca elia",
"carla valle",
"antonio augusto ximenes",
"ana regina rocha",
"paloma alinne rodrigues",
"ivanildo jose melo filho",
"rosangela saraiva carvalho",
"paulo andre da rocha perris",
"rodrigo lins rodrigues",
"fabio denilson de oliveira feliciano",
"antonio carlos da rocha costa",
"ricardo holanda nobre",
"jose alex de sousa",
"cibelli de sa pinheiro nobre",
"juliana bordinhao diana",
"cecilia estela giuffra palomino",
"marina keiko nakayama",
"fernando jose spanhol",
"ricardo azambuja silveira",
"gilvandenys leite sales",
"giovanni cordeiro barroso",
"jose marques soares",
"jose andre caruso neto",
"jose roberto de almeida amazonas",
"sergio crespo",
"beatriz corso magdalena",
"heloisa moura",
"ellen suzi cavalcanti lima constantino",
"rejane martins novais barbosa",
"zelia maria soares jofili",
"soraia pacheco silva",
"carlo emmanoel tolla de oliveira",
"claudia lage rebello da motta",
"cecilia dias flores",
"marta rosecler bez",
"rosana mussoi bruno",
"daniel lichtnow",
"stanley loh",
"adriana justin cerveira kampff",
"tiago primo",
"jose palazzo moreira de oliveira",
"jose valdeni de lima",
"carlos henrique quartucci forster",
"elen collaco de oliveira",
"alexandre cruz berg",
"martin streibel",
"creto augusto vidal",
"edgar marcal filho",
"antonio jose melo leite junior",
"frederico kauffmann barbosa",
"charles artur santos de oliveira",
"carlos andre guimaraes ferraz",
"fernando antonio mota trinta",
"rodrigo cavalcanti de macedo",
"rogerio cysne araujo",
"daniela leal musa",
"andre luiz brandao",
"myriam kienitz lemos",
"maira froes",
"jose otavio pompeu e silva",
"ana beatriz gomes carvalho",
"luciana a m zaina",
"jose fernando rodrigues junior",
"diego soares cardoso",
"paulo eduardo battistella",
"aldo von wangenheim",
"danilo leite dalmon",
"bruno monteiro",
"thiago monteiro prota",
"vanessa araujo borges",
"bruno magalhaes nogueira",
"ellen francine barbosa",
"roberta mayumi matsunaga",
"regina lucia de oliveira moraes",
"marcos augusto francisco borges",
"elmano ramalho cavalcanti",
"elmano pontes cavalcanti",
"carlos eduardo pires",
"rodrigo alves costa",
"caroline ramalho cavalcanti",
"paulo gileno cysneiros",
"everton jose goldoni estevam",
"marco aurelio kalinke",
"andrea soares rocha dos santos",
"mauro cavalcante pequeno",
"raimundo helio leite",
"edson jacinski",
"carlos alberto faraco",
"heloisa helena oliveira de magalhaes couto",
"luiz augusto coimbra rezende",
"amanda meincke melo",
"wiris serafim de menezes",
"eustaquio sao jose de faria",
"carlos miguel tobar",
"adja ferreira de andrade",
"marta costa rosatelli",
"marcello thiry",
"ricardo miranda barcia",
"pablo charles de oliveira melo",
"veronica gitirana gomes ferreira",
"rosangela m melo",
"alex s gomes",
"jairo francisco de souza",
"lourenco de oliveira basso",
"debora conforto",
"francisco rodrigues",
"christian puhlmann brackmann",
"lubia mara lopes rodrigues",
"marco carvalho",
"neide dos santos",
"ana paula gladcheff",
"vera barros de oliveira",
"dilma menezes da silva",
"edmar welington oliveira",
"fabio paraguacu",
"marcia cristina cera",
"mateus henrique dal forno",
"vanessa gindri vieira",
"joice lee otsuka",
"thaisa barbosa ferreira",
"marcelo ricardo quinta",
"ana maria pereira cardoso",
"roberto cezar de carvalho e silva",
"simone de assis alves da silva",
"djenane costa pio",
"pedro henrique batista ruas da silveira",
"luciana alvim santos romani",
"daydson hugo silva",
"fabiano azevedo dorca",
"guilherme leocardio lucena",
"vandeci dias dos santos",
"afranio gabriel da silva",
"jezer machado oliveira",
"solon andrade rabello",
"jorge luis victoria barbosa",
"debora nice ferrari barbosa",
"marta talitha amorim",
"davidson cury",
"credine menezes",
"alessandra alaniz macedo",
"renato de freitas bulcao neto",
"maria da graca campos pimentel",
"gracaliz pereira dimuro",
"luiz claudio silva",
"francisco milton mendes neto",
"luiz jacome junior",
"mauro hinz",
"marcelo da silva hounsell",
"ronan anacleto lopes",
"armando maciel toda",
"waltrudes everton sanches",
"juliano schimiguel",
"mauro sergio teixeira de araujo",
"robson da silva aguiar",
"janne yukiko yoshikawa oeiras",
"ana emilia de melo queiroz",
"soraia de oliveira mota barreto",
"silvia dotta",
"paulo henrique lopes aguiar",
"camila areias de oliveira",
"erica ferreira da cunha jorge",
"bruno fagundes sperb",
"lea da cruz fagundes",
"elaine rafaela neves de freitas",
"maria gabriela parenti bicalho",
"maria celeste reis fernandes de souza",
"cristiane mendes netto",
"flavia linhalis arantes",
"tel amiel",
"leonardo cunha de miranda",
"rodrigo duarte seabra",
"ryan baker",
"adriana carvalho",
"eduardo fritzen",
"leila cristina de vasconcelos andrade",
"david moises barreto dos santos",
"adolfo almeida duran",
"teresinha froes burnham",
"renata pontin de mattos fortes",
"rosane aragon de nevado",
"marcus vinicius basso",
"juliano bitencourt",
"nizam omar",
"rodrigo claudino diogo",
"shirley takeco gobara",
"luiz francisco dias pereira",
"fabio roberto lapolli",
"claudia lage rebello motta",
"cristian cechinel",
"ricardo matsumura araujo",
"douglas detoni",
"barbara gorziza avila",
"liliana maria passerino",
"eliseo reatequi",
"andre laurindo maitelli",
"gilbert azevedo da silva",
"christiane gresse von wangenheim",
"osorio pereira carvalho",
"tiaraju asmuz diverio",
"jean piton goncalves",
"larissa de sousa moreira",
"gilmara teixeira barcelos",
"silvia cristina freitas batista",
"rozelma soares de franca",
"ana cristina barbosa da silva",
"andre pimenta freire",
"debora maria barroso paiva",
"carlos machado",
"joni de almeida amorim",
"antonio jose martins",
"carlos fiolhais",
"joao paiva",
"jose antonio marques moreira",
"rita manuela barros",
"angelica maria monteiro",
"andrei thomaz",
"cleci maraschin",
"eny schuch",
"maria istela cagnin",
"fernanda brandao silva",
"roberto romani",
"antonio hobmeir neto",
"alexandre direne",
"tiago wiedemann",
"jorge luiz vitoria barbosa",
"thiago silva mello",
"ayla debora dantas de souza reboucas",
"silvia helena de bortoli cassiani",
"flavia borges da silva benfati",
"carlos alberto seixas",
"gilmara teixeira barcelos peixoto",
"patricia alejandra behar",
"aline silva de bona",
"marcus vinicius de azevedo basso",
"mariano pimentel",
"denise filippo",
"leonardo magela cunha",
"ana emilia de melo queiroz",
"claudio rodolfo sousa de oliveira",
"adilson de lima pereira",
"ivanor nunes de oliveira",
"helio lopes dos santos",
"sheila da costa oliveira",
"riichiro mizoguchi",
"ig ibert bittencourt",
"evandro costa",
"alexandre magno andrade maciel",
"edson costa de barros carvalho",
"jarbele cassia silva",
"alisson vasconcelos brito",
"francisco petronio medeiros",
"viviane torres da silva",
"mariano gomes pimentel",
"amanda bifano balbinot",
"milton antonio zaro",
"ana paula silva figueiredo",
"arcilan trevensoli assireu",
"vanessa cristina oliveira de souza",
"romero tori",
"maria de fatima costa de souza",
"cidcley teixeira de souza",
"jose aires de castro filho",
"ismar frango silveira",
"juliane vargas nunes",
"berenice santos goncalves",
"thieberson gomes",
"andre marcos da silva",
"leandro luque",
"anarosa alves franco brandao",
"patricia augustin jaques",
"flavio moreira de oliveira",
"vinicius costa souza",
"sergio crespo pinto",
"paulo viniccius vieira",
"cesar albenes zeferino",
"andre luis raabe",
"ig bittencourt bittencourt",
"joao guilherme",
"baldoino fonseca",
"camila nunes",
"neyvan renato rodrigues da silva",
"elizabeth specialski",
"danilo leal maciel",
"allyson bonetti franca",
"lissandra luvizao lazzarotto",
"alcione de paiva oliveira",
"jose luis braga",
"frederico jose vieira dos passos",
"rafael machado alves",
"marcos da fonseca elia",
"flavia maria santoro",
"alexandre moreira feitosa",
"mauro sergio miskulin",
"ricardo luis freitas",
"rodrigo bonacin",
"rachel carlos duque reis",
"carla lopes rodriguez",
"kamila takayama lyra",
"thais castro",
"gilda aparecida de assis",
"marilena do nascimento",
"debora laurino macada",
"luciane sayuri sato",
"marcelo henrique euzebio batista",
"joao ricardo bittencourt",
"sergio crespo c s pinto",
"fabiane penteado galafassi",
"joao carlos gluz",
"cristiano galafassi",
"luciano rodrigues de queiroz",
"marcel bergerman",
"rubens campos machado",
"samuel siqueira bueno",
"alberto elfes",
"tatiana aires tavares",
"celso alberto santos",
"thiago rocha assis",
"clarissa braga pinho",
"germano mariniello carvalho",
"clarissa santana costa",
"sonia schechtman sette",
"marcia angela aguiar",
"jose sergio antunes sette",
"andre luis alice raabe",
"lucia maria martins giraffa",
"cristina de almeida rodrigues",
"vilson gartner",
"arthur torgo gomez",
"susana ester krüger",
"eloi fernando fritsch",
"rosa maria viccari",
"vera salvador",
"sahudy montenegro gonzalez",
"annabell del real tamariz",
"sergio crespo",
"fabio roberto lapolli",
"cristiane moura cruz",
"carlo emmanuel tolla",
"andre cruz mendes",
"dante alves medeiros filho",
"itana maria de souza gimenes",
"socorro vania lourenco alves",
"enoque calvino melo alves",
"francisco villa ulhoa botelho",
"rosa maria vicari",
"elieser ademir de jesus",
"monica zewe uriarte",
"andre luis alice raabe",
"gustavo morceli",
"alan silva",
"ig ibert bittencourt",
"diogo moreira moreira bispo",
"marcio silvatti zabeu",
"gisela aragao umbuzeiro",
"dandara dantas navarro",
"leandro balby marinho",
"vladia freire pires",
"roberto dos santos rabello",
"luiz gustavo ribeiro rolando",
"mauraicio roberto motta pinto luz",
"daniel fabio salvador",
"cristina alba wildt torrezzan",
"diversos autores",
"maria teresa egler mantoan",
"maria cecailia martins",
"rosa giaretta sguerra miskulin",
"richard arias arias",
"andre marcelo panhan",
"gean davis breda",
"bruno bogaz zarpelao",
"leonardo souza mendes",
"douglas veras",
"eduardo araujo oliveira",
"patricia tedesco",
"vinicius rodrigues nunes",
"giovane daniel dos santos",
"monica mandaji",
"ariane nunes rodrigues",
"simone cristiane dos santos",
"fabio gerab",
"ivander augusto morais bueno",
"iranai ferreira da silva gerab",
"orivaldo de lira tavares",
"silvana rossy de brito",
"renata silva souza",
"eliseo berni reategui",
"rafael fernando ceron",
"elisa boff",
"antonio carlos mariani",
"ernani gottardo",
"celso antonio alves kaestner",
"elisa maria quartiero",
"lucas monteiro braz",
"evandro de barros costa",
"joao porto de albuquerque",
"edmir parada vasques prado",
"fernando de souza coelho",
"rafael prado celso",
"eliane santiago ramos",
"karen selbach borges",
"sergio ferreira do amaral",
"valeria de araujo",
"nina edelweiss",
"lucas braz",
"tassia serao",
"gisela clunie",
"adriana portella",
"eleandro maschio",
"paulo alceu almeida rezende",
"crystiam kelle pereira",
"fernanda campos",
"regina braga",
"wender antonio da silva",
"marcos wagner de souza ribeiro",
"edgard lamounier junior",
"ronaldo ribeiro goldschmidt",
"isabel fernandes",
"claudio passos",
"monica norris",
"claudia ferlin",
"maria claudia cavalcanti",
"jorge soares",
"daniela karine ramos",
"paulo sergio garcia",
"juliano de oliveira guterres",
"marcelo leandro eichler",
"jose claudio del pino",
"daniel teixeira resende",
"lora aroyo",
"gerd wagner",
"tania barbosa salles gava",
"magalai teresinha longhi",
"sandra lucia silva araujo",
"karina primiano benassi",
"joao vilhete viegas dabreu",
"bruno leal bastos",
"marcos antonio gomes brandao",
"mauricio abreu pinto peixoto",
"viviane modesto ferraz",
"roberta pereira coutinho",
"marcia paul waquil",
"paul brna",
"thiago reis da silva",
"taina medeiros",
"handerson medeiros",
"ranyer lopes",
"eduardo aranha",
"marlos tacio silva",
"edmilson barcelos rocha",
"washington romao dos santos",
"jadson rafalski",
"jerino queiroz ferreira",
"salete linhares queiroz",
"carla medeiros y araujo",
"vitor rios valdez",
"joao coelho neto",
"sheila reinehr",
"andreia malucelli",
"ricardo edgard caceffo",
"heloisa vieira da rocha",
"rodolfo jardim de azevedo",
"juliana hiroko kowata",
"maria claudia silva boeres",
"marcus filipi rosso casagrande",
"gustavo kozima",
"roberto willrich",
"maria alice soares de castro",
"rudinei goularte",
"elderclei regis reami",
"edson dos santos moreira",
"alexandra lorandi macedo",
"ana carolina bertoletti de marchi",
"celso jose costa",
"luis gustavo araujo ferreira",
"rosa vicari",
"juliana campos pirovani",
"guilherme vezula mataveli",
"jose judson mesquita cunha",
"crystiam kelle pereira e silva",
"victor ströele",
"jose maria david",
"rafael almeida",
"edla maria faust ramos",
"elis gabriela copa dos santos",
"luciana de souza gracioso",
"gislaine cristina micheloti rosales",
"cristian kawakami",
"nelkis de la orden medina",
"paulo jose de freitas filho",
"helena macedo reis",
"andreia rosangela mühlbeier",
"patricia mariotto mozzaquatro",
"solange oliveira rezende",
"jaqueline brigladori pugliesi",
"mirla eliane pereira freire",
"andre covic barros",
"kleucio claudio",
"luiz renato ribeiro ferreira",
"tom dwyer",
"mario roberto barro",
"viviane soares rodrigues silva",
"jonice oliveira",
"arcilan trevenzoli assireu",
"rodrigo hahn",
"solon rabello",
"rafael de santiago",
"odete sidericoudes",
"denys fellipe souza rocha",
"ig ibert bittencourt santana pinto",
"suzana da hora macedo",
"filipe arantes fernandes",
"evanildo dos santos leite",
"maria cristina villanova biazus",
"melissa picchi zambon",
"deisy das gracas de souza",
"tania maria santana de rose",
"ilse abegg",
"fabio da purificacao de bastos",
"elena maria mallmann",
"rosiclei aparecida cavichioli lauermann",
"sabrina skrebsky richter",
"taais fim alberti",
"felipe martins müller",
"vinicyus santos guimaraes",
"ruben daraio martainez",
"mercedes susana astiz",
"perla analaia medina",
"yolanda haydee montero",
"maraia eugenia pedrosa",
"roberto enrique tait",
"marcelo giordan",
"darci levis",
"david wiley",
"renato luis de souza dutra",
"liane margarida rockenbach tarouco",
"liliana passerino",
"taffarel brant-ribeiro",
"nadia giaretta biase",
"renan goncalves cattelan",
"carlos machado de oliveira",
"rodrigo luis de souza da silva",
"gianfrancesca cutini barcellos",
"jose armando valente",
"fernando jose de almeida",
"adriana vitorino rossi",
"gustavo antonio toretti",
"luciano vieira lima",
"marcia aparecida fernandes",
"carlos roberto lopes",
"marcos ricardo kich",
"jorge victoria barbosa",
"mara cristine kich",
"amarolinda zanela klein",
"vicente lima crisostomo",
"fatima de souza freire",
"ronney nery silva",
"carlos henrique mota macedo",
"tadeu samuel pereira",
"denise pereira de alcantara ferraz",
"rafael humberto scapin",
"hamilton chaiben",
"jose antonio dos santos borges",
"thiago marquez nunes",
"aitalo modesto dutra",
"marcos flavio paim",
"antonio carlos mariani",
"patricia azevedo tedesco",
"edson pinheiro pimentel",
"vilma fernandes franca",
"marcus vinicius carvalho guelpeli",
"carlos henrique costa ribeiro",
"fernanda maria pereira freire",
"liliana m passerino",
"juliano vier",
"joao gluz",
"maria candida moraes",
"renata lopes jaguaribe pontes",
"carlos eduardo klock",
"renato perez ribas",
"andre inacio reis"